"BehaviorSpace results (NetLogo 6.4.0)","Table version 2.0"
"null"
"Validación_Datos"
"04/13/2026 22:51:30:157 -0600"
"min-pxcor","max-pxcor","min-pycor","max-pycor"
"-25","25","-3","3"
"[run number]","velocidad-inicial","numero_de_carros","aceleracion","posicion-inicial","desaceleracion","[step]","densidad","flujo-promedio"
"3","aleatoria","2","0.0045","aleatoria","0.026","3000","0.0392156862745098","1.9491525423728813"
"2","aleatoria","2","0.0045","aleatoria","0.026","3000","0.0392156862745098","1.9322033898305084"
"4","aleatoria","2","0.0045","aleatoria","0.026","3000","0.0392156862745098","1.9322033898305084"
"1","aleatoria","2","0.0045","aleatoria","0.026","3000","0.0392156862745098","1.8983050847457628"
"6","aleatoria","2","0.0045","aleatoria","0.026","3000","0.0392156862745098","1.9491525423728813"
"5","aleatoria","2","0.0045","aleatoria","0.026","3000","0.0392156862745098","1.9491525423728813"
"9","aleatoria","2","0.0045","aleatoria","0.026","3000","0.0392156862745098","1.9322033898305084"
"7","aleatoria","2","0.0045","aleatoria","0.026","3000","0.0392156862745098","1.9152542372881356"
"8","aleatoria","2","0.0045","aleatoria","0.026","3000","0.0392156862745098","1.9322033898305084"
"12","aleatoria","4","0.0045","aleatoria","0.026","3000","0.0784313725490196","3.864406779661017"
"10","aleatoria","2","0.0045","aleatoria","0.026","3000","0.0392156862745098","1.9322033898305084"
"11","aleatoria","4","0.0045","aleatoria","0.026","3000","0.0784313725490196","3.847457627118644"
"14","aleatoria","4","0.0045","aleatoria","0.026","3000","0.0784313725490196","3.864406779661017"
"13","aleatoria","4","0.0045","aleatoria","0.026","3000","0.0784313725490196","3.847457627118644"
"15","aleatoria","4","0.0045","aleatoria","0.026","3000","0.0784313725490196","3.830508474576271"
"18","aleatoria","4","0.0045","aleatoria","0.026","3000","0.0784313725490196","3.864406779661017"
"16","aleatoria","4","0.0045","aleatoria","0.026","3000","0.0784313725490196","3.9152542372881354"
"19","aleatoria","4","0.0045","aleatoria","0.026","3000","0.0784313725490196","3.864406779661017"
"20","aleatoria","4","0.0045","aleatoria","0.026","3000","0.0784313725490196","3.8813559322033897"
"17","aleatoria","4","0.0045","aleatoria","0.026","3000","0.0784313725490196","3.864406779661017"
"21","aleatoria","6","0.0045","aleatoria","0.026","3000","0.11764705882352941","5.745762711864407"
"24","aleatoria","6","0.0045","aleatoria","0.026","3000","0.11764705882352941","5.796610169491525"
"22","aleatoria","6","0.0045","aleatoria","0.026","3000","0.11764705882352941","5.830508474576271"
"25","aleatoria","6","0.0045","aleatoria","0.026","3000","0.11764705882352941","5.762711864406779"
"23","aleatoria","6","0.0045","aleatoria","0.026","3000","0.11764705882352941","5.796610169491525"
"26","aleatoria","6","0.0045","aleatoria","0.026","3000","0.11764705882352941","5.711864406779661"
"27","aleatoria","6","0.0045","aleatoria","0.026","3000","0.11764705882352941","5.711864406779661"
"28","aleatoria","6","0.0045","aleatoria","0.026","3000","0.11764705882352941","5.796610169491525"
"30","aleatoria","6","0.0045","aleatoria","0.026","3000","0.11764705882352941","5.762711864406779"
"29","aleatoria","6","0.0045","aleatoria","0.026","3000","0.11764705882352941","5.88135593220339"
"31","aleatoria","8","0.0045","aleatoria","0.026","3000","0.1568627450980392","7.593220338983051"
"32","aleatoria","8","0.0045","aleatoria","0.026","3000","0.1568627450980392","7.694915254237288"
"33","aleatoria","8","0.0045","aleatoria","0.026","3000","0.1568627450980392","7.627118644067797"
"36","aleatoria","8","0.0045","aleatoria","0.026","3000","0.1568627450980392","7.593220338983051"
"35","aleatoria","8","0.0045","aleatoria","0.026","3000","0.1568627450980392","7.694915254237288"
"34","aleatoria","8","0.0045","aleatoria","0.026","3000","0.1568627450980392","7.661016949152542"
"39","aleatoria","8","0.0045","aleatoria","0.026","3000","0.1568627450980392","7.661016949152542"
"38","aleatoria","8","0.0045","aleatoria","0.026","3000","0.1568627450980392","7.610169491525424"
"41","aleatoria","10","0.0045","aleatoria","0.026","3000","0.19607843137254902","9.525423728813559"
"37","aleatoria","8","0.0045","aleatoria","0.026","3000","0.1568627450980392","7.677966101694915"
"40","aleatoria","8","0.0045","aleatoria","0.026","3000","0.1568627450980392","7.576271186440678"
"43","aleatoria","10","0.0045","aleatoria","0.026","3000","0.19607843137254902","9.694915254237289"
"42","aleatoria","10","0.0045","aleatoria","0.026","3000","0.19607843137254902","9.576271186440678"
"44","aleatoria","10","0.0045","aleatoria","0.026","3000","0.19607843137254902","9.423728813559322"
"46","aleatoria","10","0.0045","aleatoria","0.026","3000","0.19607843137254902","9.64406779661017"
"45","aleatoria","10","0.0045","aleatoria","0.026","3000","0.19607843137254902","9.491525423728813"
"47","aleatoria","10","0.0045","aleatoria","0.026","3000","0.19607843137254902","9.474576271186441"
"48","aleatoria","10","0.0045","aleatoria","0.026","3000","0.19607843137254902","9.474576271186441"
"51","aleatoria","12","0.0045","aleatoria","0.026","3000","0.23529411764705882","11.322033898305085"
"49","aleatoria","10","0.0045","aleatoria","0.026","3000","0.19607843137254902","9.59322033898305"
"52","aleatoria","12","0.0045","aleatoria","0.026","3000","0.23529411764705882","11.305084745762711"
"50","aleatoria","10","0.0045","aleatoria","0.026","3000","0.19607843137254902","9.508474576271187"
"54","aleatoria","12","0.0045","aleatoria","0.026","3000","0.23529411764705882","11.288135593220339"
"53","aleatoria","12","0.0045","aleatoria","0.026","3000","0.23529411764705882","11.40677966101695"
"56","aleatoria","12","0.0045","aleatoria","0.026","3000","0.23529411764705882","11.474576271186441"
"55","aleatoria","12","0.0045","aleatoria","0.026","3000","0.23529411764705882","11.35593220338983"
"58","aleatoria","12","0.0045","aleatoria","0.026","3000","0.23529411764705882","11.457627118644067"
"57","aleatoria","12","0.0045","aleatoria","0.026","3000","0.23529411764705882","11.288135593220339"
"60","aleatoria","12","0.0045","aleatoria","0.026","3000","0.23529411764705882","11.271186440677965"
"61","aleatoria","14","0.0045","aleatoria","0.026","3000","0.27450980392156865","13.474576271186441"
"59","aleatoria","12","0.0045","aleatoria","0.026","3000","0.23529411764705882","11.576271186440678"
"63","aleatoria","14","0.0045","aleatoria","0.026","3000","0.27450980392156865","13.084745762711865"
"62","aleatoria","14","0.0045","aleatoria","0.026","3000","0.27450980392156865","13.152542372881356"
"64","aleatoria","14","0.0045","aleatoria","0.026","3000","0.27450980392156865","13.203389830508474"
"66","aleatoria","14","0.0045","aleatoria","0.026","3000","0.27450980392156865","13.271186440677965"
"65","aleatoria","14","0.0045","aleatoria","0.026","3000","0.27450980392156865","13.220338983050848"
"68","aleatoria","14","0.0045","aleatoria","0.026","3000","0.27450980392156865","13.084745762711865"
"70","aleatoria","14","0.0045","aleatoria","0.026","3000","0.27450980392156865","13.05084745762712"
"67","aleatoria","14","0.0045","aleatoria","0.026","3000","0.27450980392156865","13.033898305084746"
"71","aleatoria","16","0.0045","aleatoria","0.026","3000","0.3137254901960784","14.542372881355933"
"69","aleatoria","14","0.0045","aleatoria","0.026","3000","0.27450980392156865","13.220338983050848"
"72","aleatoria","16","0.0045","aleatoria","0.026","3000","0.3137254901960784","14.101694915254237"
"73","aleatoria","16","0.0045","aleatoria","0.026","3000","0.3137254901960784","14.40677966101695"
"75","aleatoria","16","0.0045","aleatoria","0.026","3000","0.3137254901960784","14.576271186440678"
"74","aleatoria","16","0.0045","aleatoria","0.026","3000","0.3137254901960784","14.64406779661017"
"76","aleatoria","16","0.0045","aleatoria","0.026","3000","0.3137254901960784","14.254237288135593"
"78","aleatoria","16","0.0045","aleatoria","0.026","3000","0.3137254901960784","14.610169491525424"
"77","aleatoria","16","0.0045","aleatoria","0.026","3000","0.3137254901960784","14.11864406779661"
"79","aleatoria","16","0.0045","aleatoria","0.026","3000","0.3137254901960784","14.491525423728813"
"81","aleatoria","18","0.0045","aleatoria","0.026","3000","0.35294117647058826","4.983050847457627"
"80","aleatoria","16","0.0045","aleatoria","0.026","3000","0.3137254901960784","14.474576271186441"
"82","aleatoria","18","0.0045","aleatoria","0.026","3000","0.35294117647058826","15.576271186440678"
"83","aleatoria","18","0.0045","aleatoria","0.026","3000","0.35294117647058826","6.610169491525424"
"84","aleatoria","18","0.0045","aleatoria","0.026","3000","0.35294117647058826","7.728813559322034"
"85","aleatoria","18","0.0045","aleatoria","0.026","3000","0.35294117647058826","5.508474576271187"
"86","aleatoria","18","0.0045","aleatoria","0.026","3000","0.35294117647058826","4.983050847457627"
"87","aleatoria","18","0.0045","aleatoria","0.026","3000","0.35294117647058826","5.084745762711864"
"88","aleatoria","18","0.0045","aleatoria","0.026","3000","0.35294117647058826","6.016949152542373"
"89","aleatoria","18","0.0045","aleatoria","0.026","3000","0.35294117647058826","5.11864406779661"
"90","aleatoria","18","0.0045","aleatoria","0.026","3000","0.35294117647058826","4.9491525423728815"
"91","aleatoria","20","0.0045","aleatoria","0.026","3000","0.39215686274509803","4.728813559322034"
"94","aleatoria","20","0.0045","aleatoria","0.026","3000","0.39215686274509803","4.728813559322034"
"92","aleatoria","20","0.0045","aleatoria","0.026","3000","0.39215686274509803","4.6440677966101696"
"93","aleatoria","20","0.0045","aleatoria","0.026","3000","0.39215686274509803","4.661016949152542"
"95","aleatoria","20","0.0045","aleatoria","0.026","3000","0.39215686274509803","4.677966101694915"
"97","aleatoria","20","0.0045","aleatoria","0.026","3000","0.39215686274509803","4.728813559322034"
"96","aleatoria","20","0.0045","aleatoria","0.026","3000","0.39215686274509803","4.694915254237288"
"98","aleatoria","20","0.0045","aleatoria","0.026","3000","0.39215686274509803","4.745762711864407"
"99","aleatoria","20","0.0045","aleatoria","0.026","3000","0.39215686274509803","4.677966101694915"
"100","aleatoria","20","0.0045","aleatoria","0.026","3000","0.39215686274509803","4.6440677966101696"
"101","aleatoria","22","0.0045","aleatoria","0.026","3000","0.43137254901960786","4.389830508474576"
"102","aleatoria","22","0.0045","aleatoria","0.026","3000","0.43137254901960786","4.389830508474576"
"103","aleatoria","22","0.0045","aleatoria","0.026","3000","0.43137254901960786","4.406779661016949"
"104","aleatoria","22","0.0045","aleatoria","0.026","3000","0.43137254901960786","4.372881355932203"
"106","aleatoria","22","0.0045","aleatoria","0.026","3000","0.43137254901960786","4.406779661016949"
"105","aleatoria","22","0.0045","aleatoria","0.026","3000","0.43137254901960786","4.406779661016949"
"107","aleatoria","22","0.0045","aleatoria","0.026","3000","0.43137254901960786","4.440677966101695"
"108","aleatoria","22","0.0045","aleatoria","0.026","3000","0.43137254901960786","4.372881355932203"
"109","aleatoria","22","0.0045","aleatoria","0.026","3000","0.43137254901960786","4.372881355932203"
"110","aleatoria","22","0.0045","aleatoria","0.026","3000","0.43137254901960786","4.3559322033898304"
"111","aleatoria","24","0.0045","aleatoria","0.026","3000","0.47058823529411764","4.135593220338983"
"112","aleatoria","24","0.0045","aleatoria","0.026","3000","0.47058823529411764","4.084745762711864"
"113","aleatoria","24","0.0045","aleatoria","0.026","3000","0.47058823529411764","4.11864406779661"
"114","aleatoria","24","0.0045","aleatoria","0.026","3000","0.47058823529411764","4.203389830508475"
"115","aleatoria","24","0.0045","aleatoria","0.026","3000","0.47058823529411764","4.033898305084746"
"116","aleatoria","24","0.0045","aleatoria","0.026","3000","0.47058823529411764","4.1525423728813555"
"117","aleatoria","24","0.0045","aleatoria","0.026","3000","0.47058823529411764","4.101694915254237"
"119","aleatoria","24","0.0045","aleatoria","0.026","3000","0.47058823529411764","4.033898305084746"
"118","aleatoria","24","0.0045","aleatoria","0.026","3000","0.47058823529411764","4.11864406779661"
"120","aleatoria","24","0.0045","aleatoria","0.026","3000","0.47058823529411764","4.101694915254237"
"121","aleatoria","26","0.0045","aleatoria","0.026","3000","0.5098039215686274","3.8135593220338984"
"122","aleatoria","26","0.0045","aleatoria","0.026","3000","0.5098039215686274","3.7457627118644066"
"123","aleatoria","26","0.0045","aleatoria","0.026","3000","0.5098039215686274","3.7796610169491527"
"124","aleatoria","26","0.0045","aleatoria","0.026","3000","0.5098039215686274","3.8135593220338984"
"125","aleatoria","26","0.0045","aleatoria","0.026","3000","0.5098039215686274","3.830508474576271"
"126","aleatoria","26","0.0045","aleatoria","0.026","3000","0.5098039215686274","3.7796610169491527"
"127","aleatoria","26","0.0045","aleatoria","0.026","3000","0.5098039215686274","3.8135593220338984"
"128","aleatoria","26","0.0045","aleatoria","0.026","3000","0.5098039215686274","3.7966101694915255"
"129","aleatoria","26","0.0045","aleatoria","0.026","3000","0.5098039215686274","3.830508474576271"
"130","aleatoria","26","0.0045","aleatoria","0.026","3000","0.5098039215686274","3.864406779661017"
"131","aleatoria","28","0.0045","aleatoria","0.026","3000","0.5490196078431373","3.5762711864406778"
"132","aleatoria","28","0.0045","aleatoria","0.026","3000","0.5490196078431373","3.457627118644068"
"133","aleatoria","28","0.0045","aleatoria","0.026","3000","0.5490196078431373","3.5084745762711864"
"134","aleatoria","28","0.0045","aleatoria","0.026","3000","0.5490196078431373","3.4915254237288136"
"135","aleatoria","28","0.0045","aleatoria","0.026","3000","0.5490196078431373","3.5084745762711864"
"136","aleatoria","28","0.0045","aleatoria","0.026","3000","0.5490196078431373","3.457627118644068"
"137","aleatoria","28","0.0045","aleatoria","0.026","3000","0.5490196078431373","3.5084745762711864"
"138","aleatoria","28","0.0045","aleatoria","0.026","3000","0.5490196078431373","3.4915254237288136"
"139","aleatoria","28","0.0045","aleatoria","0.026","3000","0.5490196078431373","3.5084745762711864"
"140","aleatoria","28","0.0045","aleatoria","0.026","3000","0.5490196078431373","3.4237288135593222"
"142","aleatoria","30","0.0045","aleatoria","0.026","3000","0.5882352941176471","3.23728813559322"
"141","aleatoria","30","0.0045","aleatoria","0.026","3000","0.5882352941176471","3.135593220338983"
"143","aleatoria","30","0.0045","aleatoria","0.026","3000","0.5882352941176471","3.2203389830508473"
"145","aleatoria","30","0.0045","aleatoria","0.026","3000","0.5882352941176471","3.2033898305084745"
"144","aleatoria","30","0.0045","aleatoria","0.026","3000","0.5882352941176471","3.2033898305084745"
"146","aleatoria","30","0.0045","aleatoria","0.026","3000","0.5882352941176471","3.169491525423729"
"147","aleatoria","30","0.0045","aleatoria","0.026","3000","0.5882352941176471","3.1864406779661016"
"148","aleatoria","30","0.0045","aleatoria","0.026","3000","0.5882352941176471","3.1864406779661016"
"149","aleatoria","30","0.0045","aleatoria","0.026","3000","0.5882352941176471","3.288135593220339"
"150","aleatoria","30","0.0045","aleatoria","0.026","3000","0.5882352941176471","3.2203389830508473"
"151","aleatoria","32","0.0045","aleatoria","0.026","3000","0.6274509803921569","2.9491525423728815"
"153","aleatoria","32","0.0045","aleatoria","0.026","3000","0.6274509803921569","2.9152542372881354"
"152","aleatoria","32","0.0045","aleatoria","0.026","3000","0.6274509803921569","2.8813559322033897"
"154","aleatoria","32","0.0045","aleatoria","0.026","3000","0.6274509803921569","2.9152542372881354"
"155","aleatoria","32","0.0045","aleatoria","0.026","3000","0.6274509803921569","2.9152542372881354"
"157","aleatoria","32","0.0045","aleatoria","0.026","3000","0.6274509803921569","2.9152542372881354"
"156","aleatoria","32","0.0045","aleatoria","0.026","3000","0.6274509803921569","2.9152542372881354"
"158","aleatoria","32","0.0045","aleatoria","0.026","3000","0.6274509803921569","2.8813559322033897"
"159","aleatoria","32","0.0045","aleatoria","0.026","3000","0.6274509803921569","2.8983050847457625"
"160","aleatoria","32","0.0045","aleatoria","0.026","3000","0.6274509803921569","2.9152542372881354"
"161","aleatoria","34","0.0045","aleatoria","0.026","3000","0.6666666666666666","2.6440677966101696"
"162","aleatoria","34","0.0045","aleatoria","0.026","3000","0.6666666666666666","2.6440677966101696"
"163","aleatoria","34","0.0045","aleatoria","0.026","3000","0.6666666666666666","2.711864406779661"
"164","aleatoria","34","0.0045","aleatoria","0.026","3000","0.6666666666666666","2.610169491525424"
"165","aleatoria","34","0.0045","aleatoria","0.026","3000","0.6666666666666666","2.5762711864406778"
"166","aleatoria","34","0.0045","aleatoria","0.026","3000","0.6666666666666666","2.6271186440677967"
"167","aleatoria","34","0.0045","aleatoria","0.026","3000","0.6666666666666666","2.6779661016949152"
"168","aleatoria","34","0.0045","aleatoria","0.026","3000","0.6666666666666666","2.7457627118644066"
"169","aleatoria","34","0.0045","aleatoria","0.026","3000","0.6666666666666666","2.593220338983051"
"170","aleatoria","34","0.0045","aleatoria","0.026","3000","0.6666666666666666","2.610169491525424"
"171","aleatoria","36","0.0045","aleatoria","0.026","3000","0.7058823529411765","2.3220338983050848"
"172","aleatoria","36","0.0045","aleatoria","0.026","3000","0.7058823529411765","2.288135593220339"
"174","aleatoria","36","0.0045","aleatoria","0.026","3000","0.7058823529411765","2.3389830508474576"
"173","aleatoria","36","0.0045","aleatoria","0.026","3000","0.7058823529411765","2.3728813559322033"
"175","aleatoria","36","0.0045","aleatoria","0.026","3000","0.7058823529411765","2.288135593220339"
"177","aleatoria","36","0.0045","aleatoria","0.026","3000","0.7058823529411765","2.305084745762712"
"176","aleatoria","36","0.0045","aleatoria","0.026","3000","0.7058823529411765","2.3389830508474576"
"178","aleatoria","36","0.0045","aleatoria","0.026","3000","0.7058823529411765","2.2711864406779663"
"181","aleatoria","38","0.0045","aleatoria","0.026","3000","0.7450980392156863","2.0338983050847457"
"180","aleatoria","36","0.0045","aleatoria","0.026","3000","0.7058823529411765","2.305084745762712"
"179","aleatoria","36","0.0045","aleatoria","0.026","3000","0.7058823529411765","2.2542372881355934"
"182","aleatoria","38","0.0045","aleatoria","0.026","3000","0.7450980392156863","2.0338983050847457"
"183","aleatoria","38","0.0045","aleatoria","0.026","3000","0.7450980392156863","2"
"184","aleatoria","38","0.0045","aleatoria","0.026","3000","0.7450980392156863","2.016949152542373"
"186","aleatoria","38","0.0045","aleatoria","0.026","3000","0.7450980392156863","2.0677966101694913"
"187","aleatoria","38","0.0045","aleatoria","0.026","3000","0.7450980392156863","2.0508474576271185"
"185","aleatoria","38","0.0045","aleatoria","0.026","3000","0.7450980392156863","2.0338983050847457"
"188","aleatoria","38","0.0045","aleatoria","0.026","3000","0.7450980392156863","2.0338983050847457"
"189","aleatoria","38","0.0045","aleatoria","0.026","3000","0.7450980392156863","2.016949152542373"
"190","aleatoria","38","0.0045","aleatoria","0.026","3000","0.7450980392156863","1.9152542372881356"
"191","aleatoria","40","0.0045","aleatoria","0.026","3000","0.7843137254901961","1.7457627118644068"
"192","aleatoria","40","0.0045","aleatoria","0.026","3000","0.7843137254901961","1.6271186440677967"
"193","aleatoria","40","0.0045","aleatoria","0.026","3000","0.7843137254901961","1.7627118644067796"
"194","aleatoria","40","0.0045","aleatoria","0.026","3000","0.7843137254901961","1.7457627118644068"
"195","aleatoria","40","0.0045","aleatoria","0.026","3000","0.7843137254901961","1.6779661016949152"
"196","aleatoria","40","0.0045","aleatoria","0.026","3000","0.7843137254901961","1.7966101694915255"
"197","aleatoria","40","0.0045","aleatoria","0.026","3000","0.7843137254901961","1.6779661016949152"
"199","aleatoria","40","0.0045","aleatoria","0.026","3000","0.7843137254901961","1.7118644067796611"
"198","aleatoria","40","0.0045","aleatoria","0.026","3000","0.7843137254901961","1.7627118644067796"
"200","aleatoria","40","0.0045","aleatoria","0.026","3000","0.7843137254901961","1.6610169491525424"
